Year,Maximum Drawdown,win_ratio,win_loss_ratio,avg_hold_days,Annualized Return,Annualized Volatility,Sharpe Ratio
2016,-0.125,0.5,0.5890945794322179,46.5,-0.029,0.136,-0.214
2017,-0.151,0.4,1.160787178221805,28.0,-0.028,0.093,-0.299
2018,-0.044,0.5,3.9279253338142857,30.0,0.043,0.071,0.607
2019,-0.035,0.75,5.084256260585156,32.75,0.175,0.091,1.92
2020,-0.058,1.0,No loss,29.4,0.333,0.128,2.613
2021,-0.077,0.5,8.926190333753487,47.0,0.01,0.132,0.075
