Year,Maximum Drawdown,win_ratio,win_loss_ratio,avg_hold_days,Annualized Return,Annualized Volatility,Sharpe Ratio
2016,-0.084,1.0,No loss,65.333,0.466,0.194,2.404
2017,-0.094,0.4,1.8916631675569724,34.0,0.106,0.157,0.676
2018,-0.087,0.857,0.9944053094591891,31.143,0.241,0.142,1.699
2019,-0.059,0.5,2.2297964056306223,24.167,0.066,0.082,0.805
2020,-0.076,0.75,3.104482218928646,63.0,0.323,0.158,2.046
2021,-0.126,0.333,0.31450809746386243,57.0,-0.057,0.115,-0.496
